Transport, Hot Wheels Shark, 150.00, 3, 10, SMALL, CAR, 180
Transport, Блискавка МакКвін, 500.00, 3, 8, SMALL, CAR, 200
Transport, Монстр Трак, 1200.00, 5, 12, LARGE, CAR, 100
Transport, Пожежна Машина, 800.00, 3, 7, MEDIUM, CAR, 80
Transport, Поліцейське Авто, 650.00, 3, 8, SMALL, CAR, 120
Transport, Ferrari RC, 2500.00, 8, 16, MEDIUM, CAR, 40
Transport, Трактор Фермер, 400.00, 2, 5, MEDIUM, CAR, 30
Transport, Lamborghini Model, 900.00, 6, 14, SMALL, CAR, 220
Transport, Сміттєвоз, 750.00, 3, 6, LARGE, CAR, 50
Transport, Шкільний Автобус, 550.00, 2, 6, MEDIUM, CAR, 60
Transport, Боїнг 747, 3500.00, 7, 14, LARGE, PLANE, 900
Transport, Військовий Винищувач, 1800.00, 8, 16, MEDIUM, PLANE, 1200
Transport, Планшетний Літак, 100.00, 3, 10, SMALL, PLANE, 20
Transport, Гелікоптер Рятувальник, 950.00, 5, 10, MEDIUM, HELICOPTER, 150
Transport, Квадрокоптер Drone, 4500.00, 10, 18, SMALL, HELICOPTER, 60
Transport, Яхта Барбі, 1500.00, 5, 10, MEDIUM, BOAT, 50
Transport, Піратський Корабель, 2200.00, 6, 12, LARGE, BOAT, 20
Transport, Катер на радіо, 3000.00, 10, 16, MEDIUM, BOAT, 80
Transport, Гумовий Човник, 120.00, 1, 3, SMALL, BOAT, 5
Transport, Паротяг Томас, 450.00, 2, 5, SMALL, TRAIN, 40
Transport, Швидкісний Потяг, 1600.00, 6, 12, MEDIUM, TRAIN, 180
Transport, Дерев'яний Потяг, 850.00, 3, 6, MEDIUM, TRAIN, 0
Transport, Вантажівка MAN, 1100.00, 4, 10, LARGE, CAR, 90
Transport, Екскаватор CAT, 1300.00, 4, 10, LARGE, CAR, 40
Transport, Літак Мрія, 5000.00, 5, 99, LARGE, PLANE, 800
Lego, Duplo Ферма, 900.00, 2, 5, LARGE, Duplo, 50
Lego, Duplo Потяг Цифр, 600.00, 2, 5, MEDIUM, Duplo, 23
Lego, Duplo Зоопарк, 1200.00, 2, 5, LARGE, Duplo, 80
Lego, Classic Набір, 1100.00, 4, 99, MEDIUM, Classic, 450
Lego, City Поліція, 1500.00, 5, 12, MEDIUM, City, 300
Lego, City Пожежна Станція, 2100.00, 6, 12, LARGE, City, 500
Lego, Friends Кафе, 1300.00, 6, 12, MEDIUM, Friends, 280
Lego, Friends Будинок Мії, 1900.00, 6, 12, LARGE, Friends, 450
Lego, Ninjago Дракон, 1400.00, 7, 14, MEDIUM, Ninjago, 350
Lego, Ninjago Храм, 2600.00, 8, 14, LARGE, Ninjago, 800
Lego, Minecraft Печера, 800.00, 7, 12, SMALL, Minecraft, 250
Lego, Minecraft Фортеця, 2900.00, 8, 14, LARGE, Minecraft, 900
Lego, Harry Potter Хогвартс, 4500.00, 9, 16, LARGE, Harry Potter, 1200
Lego, Harry Potter Автобус, 1100.00, 8, 14, MEDIUM, Harry Potter, 400
Lego, Star Wars X-Wing, 2800.00, 9, 16, MEDIUM, Star Wars, 700
Lego, Star Wars Сокіл, 6000.00, 12, 99, LARGE, Star Wars, 1500
Lego, Technic Bugatti, 9000.00, 14, 99, LARGE, Technic, 3500
Lego, Technic Кран, 4200.00, 10, 16, LARGE, Technic, 1200
Lego, Creator Динозаври, 1250.00, 7, 12, MEDIUM, Creator, 174
Lego, Speed Champions Audi, 950.00, 7, 14, SMALL, Speed, 250
Doll, Барбі Русалка, 450.00, 3, 9, SMALL, Plastic, Blonde
Doll, Барбі Принцеса, 500.00, 3, 9, SMALL, Plastic, Blonde
Doll, Кен Пляжний, 400.00, 3, 9, SMALL, Plastic, Brown
Doll, Пупс BabyBorn, 1100.00, 2, 6, MEDIUM, Rubber, None
Doll, Лялька L.O.L., 350.00, 4, 10, SMALL, Plastic, Pink
Doll, М'яка Лялька Маша, 300.00, 0, 5, SMALL, Rag, Blonde
Doll, Текстильна Зайка, 450.00, 1, 6, MEDIUM, Rag, Grey
Doll, Monster High Дракулаура, 850.00, 6, 12, SMALL, Plastic, Black-Pink
Doll, Колекційна Порцелянова, 3500.00, 12, 99, MEDIUM, Porcelain, Red
Doll, Вінтажна Лялька, 5000.00, 14, 99, LARGE, Porcelain, Brown
Doll, Лялька-Рукавичка, 150.00, 2, 8, SMALL, Rag, Yarn
Doll, Інтерактивна Лялька, 2200.00, 4, 8, MEDIUM, Plastic, Blonde
Doll, Лялька Rainbow High, 1600.00, 6, 12, MEDIUM, Plastic, Rainbow